编号,手机号
0,17202770227
1,17327054626
2,19512361232
3,18988304189
4,13725024348
5,19152102955
6,19935384402
7,16359530883
8,15462759513
9,18429939073
10,14884934902
11,17588068335
12,17562487125
13,19812127323
14,18546238150
15,14428205726
16,16641062120
17,19481574754
18,14424051260
19,14303852118
20,18867829696
21,15328848216
22,16150144847
23,15300636269
24,17857722776
25,18171153959
26,15516704112
27,17631269955
28,16132224973
29,17802967993
30,15590367015
31,15528807794
32,15794286870
33,19730307851
34,17882968427
35,18923673892
36,19804457629
37,18819377735
38,19673879556
39,19291360128
40,15038463661
41,18784792596
42,16258388508
43,18714424594
44,18750462651
45,17181306466
46,17018713228
47,19195667216
48,16788597145
49,18480121031
50,18702792558
51,15815721671
52,15007502182
53,19165319305
54,19848747846
55,16728102276
56,17621658644
57,13908176833
58,15585726666
59,14821961742
60,18083455994
61,16265388204
62,16837530669
63,18768850220
64,15469706380
65,14622142108
66,17606274070
67,13821424142
68,18792692205
69,15133798167
70,19759789812
71,17799174804
72,14919225126
73,19975855235
74,18825188647
75,18774336430
76,13009409494
77,18541524180
78,17654619859
79,13403870662
80,14691646409
81,15754336453
82,17987524874
83,14763927941
84,16765395224
85,15207379399
86,18894826873
87,17209740519
88,13555665697
89,14256950770
90,14366169707
91,15260049824
92,15038558458
93,19868144029
94,15774094667
95,13778978821
96,18866360522
97,14256779318
98,17272421212
99,14464622855
